title,location,city,start_date,start_time,event_link,ticket_link,scraped_at
Vilniaus Rytas rungtynių abonementas Twinsbet arenoje,Twinsbet Arena,Vilnius,2025-10-07,20:00,https://www.bilietai.lt/eng/tickets/sportas/krepsinis/vilniaus-rytas-rungtyniu-abonementas-twinsbet-arenoje-100820/,,2026-01-26T05:00:06Z
AIDAS 2026,Dūmų fabrikas,Vilnius,2026-01-09,16:00,https://www.bilietai.lt/eng/tickets/koncertai/aidas-2026-101723/,,2026-01-26T05:00:06Z
Vilniaus 'Ryto' 2025/26 sezono namų rungtynės,Twinsbet Arena,Vilnius,2026-01-27,19:30,https://www.bilietai.lt/eng/tickets/sportas/krepsinis/vilniaus-ryto-2025-26-sezono-namu-rungtynes-100813/,,2026-01-26T05:00:06Z
JUOZAS ERLICKAS. ''Už stiklinių lietaus grotų'',Kauno valstybinė filharmonija,Kaunas,2026-01-28,18:30,https://www.bilietai.lt/eng/tickets/koncertai/juozas-erlickas-uz-stikliniu-lietaus-grotu-488800/,https://store.bilietai.lt/public/?concert=488800&design=bilietai&lang=eng&center=1745,2026-01-26T05:00:06Z
Acoustic: Frizz - Lukiškių kalėjimas 2.0,Lukiškių kalėjimas 2.0,Vilnius,2026-01-28,20:00,https://www.bilietai.lt/eng/tickets/koncertai/acoustic-frizz-lukiskiu-kalejimas-20-487326/,https://store.bilietai.lt/public/?concert=487326&design=bilietai&lang=eng&center=1745,2026-01-26T05:00:06Z
LVSO VAIKAMS | ''ISTORIJA APIE DRAMBLIUKĄ BABARĄ'',LVSO koncertų salė,Vilnius,2026-01-31,12:00,https://www.bilietai.lt/eng/tickets/koncertai/lvso-vaikams--istorija-apie-drambliuka-babara-488697/,https://store.bilietai.lt/public/?concert=488697&design=bilietai&lang=eng&center=1745,2026-01-26T05:00:06Z
Hiperbolės legendos,Palangos koncertų salė,Palanga,2026-01-31,18:00,https://www.bilietai.lt/eng/tickets/koncertai/hiperboles-legendos-488147/,https://store.bilietai.lt/public/?concert=488147&design=bilietai&lang=eng&center=1745,2026-01-26T05:00:06Z
UTMA 16,Twinsbet Arena,Vilnius,2026-01-31,19:00,https://www.bilietai.lt/eng/tickets/sportas/utma-16-489806/,https://store.bilietai.lt/public/?concert=489806&design=bilietai&lang=eng&center=1745,2026-01-26T05:00:06Z
SIELA - ''HALIUCINACIJOS'' / Naujo albumo pristatymas,Menų fabrikas LOFTAS,Vilnius,2026-01-31,20:00,https://www.bilietai.lt/eng/tickets/koncertai/siela-haliucinacijos-naujo-albumo-pristatymas-485544/,https://store.bilietai.lt/public/?concert=485544&design=bilietai&lang=eng&center=1745,2026-01-26T05:00:06Z
Šventinis Bankuchenas ir Taukaplaukiai,COMPENSA koncertų salė,Vilnius,2026-01-31,20:00,https://www.bilietai.lt/eng/tickets/koncertai/sventinis-bankuchenas-ir-taukaplaukiai-483539/,https://store.bilietai.lt/public/?concert=483539&design=bilietai&lang=eng&center=1745,2026-01-26T05:00:06Z
Acoustic: Gruodis su styginių kvartetu - Lukiškių kalėjimas 2.0,Lukiškių kalėjimas 2.0,Vilnius,2026-02-03,20:00,https://www.bilietai.lt/eng/tickets/koncertai/acoustic-gruodis-su-styginiu-kvartetu-lukiskiu-kalejimas-20-487455/,https://store.bilietai.lt/public/?concert=487455&design=bilietai&lang=eng&center=1745,2026-01-26T05:00:06Z
RŪTA ŠČIOGOLEVAITĖ: The best of WHITHEY HOUSTON,Panevėžio muzikinis teatras,Panevėžys,2026-02-04,19:30,https://www.bilietai.lt/eng/tickets/koncertai/ruta-sciogolevaite-the-best-of-whithey-houston--kaunas-482013/,https://store.bilietai.lt/public/?concert=482013&design=bilietai&lang=eng&center=1745,2026-01-26T05:00:06Z
LVSO ARTISTŲ KONCERTAS,LVSO koncertų salė,Vilnius,2026-02-06,19:00,https://www.bilietai.lt/eng/tickets/koncertai/lvso-artistu-koncertas-488701/,https://store.bilietai.lt/public/?concert=488701&design=bilietai&lang=eng&center=1745,2026-01-26T05:00:06Z
Dovi Mi | 02 06 | SDG Amfiteatras,Kauno Žalgirio arena,Kaunas,2026-02-06,20:00,https://www.bilietai.lt/eng/tickets/koncertai/dovi-mi--02-06--sdg-amfiteatras-487598/,https://store.bilietai.lt/public/?concert=487598&design=bilietai&lang=eng&center=1745,2026-01-26T05:00:06Z
Už grotų: Erke x Wite Katt - Lukiškių kalėjimas 2.0,Lukiškių kalėjimas 2.0,Vilnius,2026-02-06,21:00,https://www.bilietai.lt/eng/tickets/koncertai/uz-grotu-erke-x-wite-katt-lukiskiu-kalejimas-20-485483/,https://store.bilietai.lt/public/?concert=485483&design=bilietai&lang=eng&center=1745,2026-01-26T05:00:06Z
Piano & A Microphone,Lukiškių kalėjimas 2.0,Vilnius,2026-02-12,20:00,https://www.bilietai.lt/eng/tickets/koncertai/piano--a-microphone-102195/,,2026-01-26T05:00:06Z
Už grotų: Basta TGTK x Nevidonas - Lukiškių kalėjimas 2.0,Lukiškių kalėjimas 2.0,Vilnius,2026-02-13,21:00,https://www.bilietai.lt/eng/tickets/koncertai/uz-grotu-basta-tgtk-x-nevidonas-lukiskiu-kalejimas-20-489302/,https://store.bilietai.lt/public/?concert=489302&design=bilietai&lang=eng&center=1745,2026-01-26T05:00:06Z
LVSO GIMTADIENIO KONCERTAS: R. WAGNER. ''LOHENGRINAS'',LVSO koncertų salė,Vilnius,2026-02-14,17:00,https://www.bilietai.lt/eng/tickets/koncertai/lvso-gimtadienio-koncertas-r-wagner-lohengrinas-480184/,https://store.bilietai.lt/public/?concert=480184&design=bilietai&lang=eng&center=1745,2026-01-26T05:00:06Z
Queendom: Grand Drag Show - Lukiškių kalėjimas 2.0,Lukiškių kalėjimas 2.0,Vilnius,2026-02-14,21:00,https://www.bilietai.lt/eng/tickets/koncertai/queendom-grand-drag-show-lukiskiu-kalejimas-20-492620/,https://store.bilietai.lt/public/?concert=492620&design=bilietai&lang=eng&center=1745,2026-01-26T05:00:06Z
THE BEATLES SHOW,Šv. Kotrynos bažnyčia,Vilnius,2026-02-15,18:00,https://www.bilietai.lt/eng/tickets/koncertai/the-beatles-show--klaipeda-468063/,https://store.bilietai.lt/public/?concert=468063&design=bilietai&lang=eng&center=1745,2026-01-26T05:00:06Z
Metų muzikos apdovanojimai MAMA 2025,Kauno Žalgirio arena,Kaunas,2026-02-20,19:00,https://www.bilietai.lt/eng/tickets/koncertai/metu-muzikos-apdovanojimai-mama-2025-100439/,,2026-01-26T05:00:06Z
LVSO VAIKAMS | ''LAUKINĖ SIMFONIJA'',LVSO koncertų salė,Vilnius,2026-02-21,12:00,https://www.bilietai.lt/eng/tickets/koncertai/lvso-vaikams--laukine-simfonija-488785/,https://store.bilietai.lt/public/?concert=488785&design=bilietai&lang=eng&center=1745,2026-01-26T05:00:06Z
Citadele KMT finalo ketvertas,Šiaulių arena,Šiauliai,2026-02-21,15:00,https://www.bilietai.lt/eng/tickets/sportas/citadele-kmt-finalo-ketvertas-101739/,,2026-01-26T05:00:06Z
ELECTRO DELUXE ir KAUNO BIGBENDAS,Twinsbet Arena,Vilnius,2026-02-21,19:00,https://www.bilietai.lt/eng/tickets/koncertai/electro-deluxe-ir-kauno-bigbendas-489073/,https://store.bilietai.lt/public/?concert=489073&design=bilietai&lang=eng&center=1745,2026-01-26T05:00:06Z
Už grotų: Micro One - Lukiškių kalėjimas 2.0,Lukiškių kalėjimas 2.0,Vilnius,2026-02-21,21:00,https://www.bilietai.lt/eng/tickets/koncertai/uz-grotu-micro-one-lukiskiu-kalejimas-20-488673/,https://store.bilietai.lt/public/?concert=488673&design=bilietai&lang=eng&center=1745,2026-01-26T05:00:06Z
MURMURS - tarptautinis muzikos festivalis,Kablys,Vilnius,2026-02-26,19:00,https://www.bilietai.lt/eng/tickets/koncertai/murmurs-tarptautinis-muzikos-festivalis-102337/,,2026-01-26T05:00:06Z
The Gentlemen | Šiauliai,Šiaulių arena,Šiauliai,2026-02-26,19:00,https://www.bilietai.lt/eng/tickets/koncertai/the-gentlemen-slovakija-erotinis-vyru-sou-490393/,https://store.bilietai.lt/public/?concert=490393&design=bilietai&lang=eng&center=1745,2026-01-26T05:00:06Z
EUROVIZIJA.LT FINALAS gyvai,Twinsbet Arena,Vilnius,2026-02-27,19:00,https://www.bilietai.lt/eng/tickets/koncertai/eurovizijalt-finalas-gyvai-479832/,https://store.bilietai.lt/public/?concert=479832&design=bilietai&lang=eng&center=1745,2026-01-26T05:00:06Z
LVSO | BOMSORI KIM GRIEŽIA F. MEDELSSOHNĄ,LVSO koncertų salė,Vilnius,2026-02-27,19:00,https://www.bilietai.lt/eng/tickets/koncertai/lvso--bomsori-kim-griezia-f-medelssohna-488815/,https://store.bilietai.lt/public/?concert=488815&design=bilietai&lang=eng&center=1745,2026-01-26T05:00:06Z
Natalija Bunkė 360° Arena Show,Kauno Žalgirio arena,Kaunas,2026-02-28,20:00,https://www.bilietai.lt/eng/tickets/koncertai/natalija-bunke-360-arena-show-480777/,https://store.bilietai.lt/public/?concert=480777&design=bilietai&lang=eng&center=1745,2026-01-26T05:00:06Z
Inga Jankauskaitė | Kaunas,Kauno valstybinė filharmonija,Kaunas,2026-03-03,18:30,https://www.bilietai.lt/eng/tickets/koncertai/inga-jankauskaite--kaunas-491059/,https://store.bilietai.lt/public/?concert=491059&design=bilietai&lang=eng&center=1745,2026-01-26T05:00:06Z
LVSO | DALIA KUZNECOVAITĖ GRIEŽIA J. BRAHMSĄ,LVSO koncertų salė,Vilnius,2026-03-06,19:00,https://www.bilietai.lt/eng/tickets/koncertai/lvso--dalia-kuznecovaite-griezia-j-brahmsa-488844/,https://store.bilietai.lt/public/?concert=488844&design=bilietai&lang=eng&center=1745,2026-01-26T05:00:06Z
Acoustic: Mėlyna - Lukiškių kalėjimas 2.0,Lukiškių kalėjimas 2.0,Vilnius,2026-03-06,20:00,https://www.bilietai.lt/eng/tickets/koncertai/acoustic-melyna-lukiskiu-kalejimas-20-487327/,https://store.bilietai.lt/public/?concert=487327&design=bilietai&lang=eng&center=1745,2026-01-26T05:00:06Z
LUKA SULIC | LIFE TOUR 2026,LVSO koncertų salė,Vilnius,2026-03-07,18:00,https://www.bilietai.lt/eng/tickets/koncertai/luka-sulic--life-tour-2026-483301/,https://store.bilietai.lt/public/?concert=483301&design=bilietai&lang=eng&center=1745,2026-01-26T05:00:06Z
Koncertinis turas. Inga Valinskienė VISADA JŪSŲ,Twinsbet Arena,Vilnius,2026-03-07,20:00,https://www.bilietai.lt/eng/tickets/koncertai/koncertinis-turas-inga-valinskiene-visada-jusu-473786/,https://store.bilietai.lt/public/?concert=473786&design=bilietai&lang=eng&center=1745,2026-01-26T05:00:06Z
Michael Schenker - My Years With UFO 2026,COMPENSA koncertų salė,Vilnius,2026-03-09,20:00,https://www.bilietai.lt/eng/tickets/koncertai/michael-schenker-my-years-with-ufo-2026-488618/,https://store.bilietai.lt/public/?concert=488618&design=bilietai&lang=eng&center=1745,2026-01-26T05:00:06Z
INSOMNIA SHOW | OG Version x Furytto x Proflame,Kauno Žalgirio arena,Kaunas,2026-03-10,20:00,https://www.bilietai.lt/eng/tickets/koncertai/og-version-furytto-proflame--zalgirio-arena--0310-465868/,https://store.bilietai.lt/public/?concert=465868&design=bilietai&lang=eng&center=1745,2026-01-26T05:00:06Z
Unknown Mortal Orchestra - Vilnius,Kablys,Vilnius,2026-03-10,20:00,https://www.bilietai.lt/eng/tickets/koncertai/unknown-mortal-orchestra-vilnius-481905/,https://store.bilietai.lt/public/?concert=481905&design=bilietai&lang=eng&center=1745,2026-01-26T05:00:06Z
Angelou | VIRSMAS,Kablys,Vilnius,2026-03-12,20:00,https://www.bilietai.lt/eng/tickets/koncertai/angelou--virsmas-489363/,https://store.bilietai.lt/public/?concert=489363&design=bilietai&lang=eng&center=1745,2026-01-26T05:00:06Z
LVSO | LUKAS GENIUŠAS IR M. RAVELIO ŠEDEVRAI,LVSO koncertų salė,Vilnius,2026-03-13,19:00,https://www.bilietai.lt/eng/tickets/koncertai/lvso--lukas-geniusas-ir-m-ravelio-sedevrai-488849/,https://store.bilietai.lt/public/?concert=488849&design=bilietai&lang=eng&center=1745,2026-01-26T05:00:06Z
Ledo šou ''STICHIJOS 2: Pasadoblis'',Kauno Žalgirio arena,Kaunas,2026-03-13,20:00,https://www.bilietai.lt/eng/tickets/koncertai/ledo-sou-stichijos-2-pasadoblis-484896/,https://store.bilietai.lt/public/?concert=484896&design=bilietai&lang=eng&center=1745,2026-01-26T05:00:06Z
Gerumo koncertas su Jurga Šeduikyte,Palangos koncertų salė,Palanga,2026-03-14,19:00,https://www.bilietai.lt/eng/tickets/koncertai/gerumo-koncertas-su-jurga-seduikyte-489377/,https://store.bilietai.lt/public/?concert=489377&design=bilietai&lang=eng&center=1745,2026-01-26T05:00:06Z
Deki Alem - Vilnius,Kablys,Vilnius,2026-03-14,20:00,https://www.bilietai.lt/eng/tickets/koncertai/deki-alem-vilnius-479160/,https://store.bilietai.lt/public/?concert=479160&design=bilietai&lang=eng&center=1745,2026-01-26T05:00:11Z
kamanių šilelis RITUALAI | Twinsbet arena,Twinsbet Arena,Vilnius,2026-03-14,20:00,https://www.bilietai.lt/eng/tickets/koncertai/kamaniu-silelis-ritualai-i-twinsbet-arena-481087/,https://store.bilietai.lt/public/?concert=481087&design=bilietai&lang=eng&center=1745,2026-01-26T05:00:11Z
LVSO | JOSHUA BROWN GRIEŽIA A. DVOŘÁKĄ,LVSO koncertų salė,Vilnius,2026-03-20,19:00,https://www.bilietai.lt/eng/tickets/koncertai/lvso--joshua-brown-griezia-a-dvoraka-488959/,https://store.bilietai.lt/public/?concert=488959&design=bilietai&lang=eng&center=1745,2026-01-26T05:00:11Z
LORD OF THE LOST Loftas | Vilnius (LITHUANIA) + SPECIAL GUEST: AD INFINITUM,Menų fabrikas LOFTAS,Vilnius,2026-03-20,20:00,https://www.bilietai.lt/eng/tickets/koncertai/lord-of-the-lost-loftas--vilnius-lithuania-special-guest-ad-infinitum-479990/,https://store.bilietai.lt/public/?concert=479990&design=bilietai&lang=eng&center=1745,2026-01-26T05:00:11Z
Bartoš Eiliakas | Albumo Threshold pristatymo koncertas,Dūmų fabrikas,Vilnius,2026-03-21,19:00,https://www.bilietai.lt/eng/tickets/koncertai/bartos-eiliakas--albumo-threshold-pristatymo-koncertas-487892/,https://store.bilietai.lt/public/?concert=487892&design=bilietai&lang=eng&center=1745,2026-01-26T05:00:11Z
MMA BUSHIDO 101,Twinsbet Arena,Vilnius,2026-03-21,19:30,https://www.bilietai.lt/eng/tickets/sportas/mma-bushido101-487491/,https://store.bilietai.lt/public/?concert=487491&design=bilietai&lang=eng&center=1745,2026-01-26T05:00:11Z
Gio Pika su NAUJU ŠOU VILNIUJE!,Pramogų arena,Vilnius,2026-03-21,20:00,https://www.bilietai.lt/eng/tickets/koncertai/gio-pika-su-nauju-sou-vilniuje-474807/,https://store.bilietai.lt/public/?concert=474807&design=bilietai&lang=eng&center=1745,2026-01-26T05:00:11Z
The Rock Symphony Orchestra,Twinsbet Arena,Vilnius,2026-03-25,19:00,https://www.bilietai.lt/eng/tickets/koncertai/the-rock-symphony-orchestra-482493/,https://store.bilietai.lt/public/?concert=482493&design=bilietai&lang=eng&center=1745,2026-01-26T05:00:11Z
LVSO | F. MENDELSSOHN. ''ŠLOVINIMO GIESMĖ'',LVSO koncertų salė,Vilnius,2026-03-27,19:00,https://www.bilietai.lt/eng/tickets/koncertai/lvso--f-mendelssohn-slovinimo-giesme-489145/,https://store.bilietai.lt/public/?concert=489145&design=bilietai&lang=eng&center=1745,2026-01-26T05:00:11Z
IEVA DŪDAITĖ ''GRAND PIANO SHOW 2'' 360,Kauno Žalgirio arena,Kaunas,2026-03-28,19:00,https://www.bilietai.lt/eng/tickets/koncertai/ieva-dudaite-grand-piano-show-2-360-488168/,https://store.bilietai.lt/public/?concert=488168&design=bilietai&lang=eng&center=1745,2026-01-26T05:00:11Z
G&G SINDIKATAS | Vilnius,COMPENSA koncertų salė,Vilnius,2026-03-28,20:00,https://www.bilietai.lt/eng/tickets/koncertai/gg-sindikatas--vilnius-485237/,https://store.bilietai.lt/public/?concert=485237&design=bilietai&lang=eng&center=1745,2026-01-26T05:00:11Z
Primal Fear,Menų fabrikas LOFTAS,Vilnius,2026-03-29,20:00,https://www.bilietai.lt/eng/tickets/koncertai/primal-fear-483836/,https://store.bilietai.lt/public/?concert=483836&design=bilietai&lang=eng&center=1745,2026-01-26T05:00:11Z
Mikhail Pletnev,LVSO koncertų salė,Vilnius,2026-03-31,19:00,https://www.bilietai.lt/eng/tickets/koncertai/mikhail-pletnev-473768/,https://store.bilietai.lt/public/?concert=473768&design=bilietai&lang=eng&center=1745,2026-01-26T05:00:11Z
EVGENYA REDKO | 04 04 | ŽALGIRIO ARENA,Kauno Žalgirio arena,Kaunas,2026-04-04,20:00,https://www.bilietai.lt/eng/tickets/koncertai/evgenya-redko--04-04--zalgirio-arena-470485/,https://store.bilietai.lt/public/?concert=470485&design=bilietai&lang=eng&center=1745,2026-01-26T05:00:11Z
LVSO | TRIMITO VIRTUOZAS SERGEI NAKARIAKOV,LVSO koncertų salė,Vilnius,2026-04-10,19:00,https://www.bilietai.lt/eng/tickets/koncertai/lvso--trimito-virtuozas-sergei-nakariakov-489148/,https://store.bilietai.lt/public/?concert=489148&design=bilietai&lang=eng&center=1745,2026-01-26T05:00:11Z
Gravity x Paul van Dyk,Dūmų fabrikas,Vilnius,2026-04-10,20:00,https://www.bilietai.lt/eng/tickets/koncertai/gravity-x-paul-van-dyk-490026/,https://store.bilietai.lt/public/?concert=490026&design=bilietai&lang=eng&center=1745,2026-01-26T05:00:11Z
Paulina Paukštaitytė | Žalgirio arena,Kauno Žalgirio arena,Kaunas,2026-04-16,20:00,https://www.bilietai.lt/eng/tickets/koncertai/paulina-paukstaityte--zalgirio-arena-481662/,https://store.bilietai.lt/public/?concert=481662&design=bilietai&lang=eng&center=1745,2026-01-26T05:00:11Z
LVSO | G. MAHLER. SIMFONIJA NR. 5,LVSO koncertų salė,Vilnius,2026-04-17,19:00,https://www.bilietai.lt/eng/tickets/koncertai/lvso--g-mahler-simfonija-nr-5-489153/,https://store.bilietai.lt/public/?concert=489153&design=bilietai&lang=eng&center=1745,2026-01-26T05:00:11Z
Maryla Rodowicz. Wyjątkowy koncert jubileuszowy ''Wilno w moim sercu'',Twinsbet Arena,Vilnius,2026-04-18,18:00,https://www.bilietai.lt/eng/tickets/koncertai/maryla-rodowicz-wyjatkowy-koncert-jubileuszowy-wilno-w-moim-sercu-490582/,https://store.bilietai.lt/public/?concert=490582&design=bilietai&lang=eng&center=1745,2026-01-26T05:00:11Z
"Black Country, New Road - Vilnius",Kablys,Vilnius,2026-04-18,20:00,https://www.bilietai.lt/eng/tickets/koncertai/black-country-new-road-vilnius-492581/,https://store.bilietai.lt/public/?concert=492581&design=bilietai&lang=eng&center=1745,2026-01-26T05:00:11Z
Dark Side of The Moon & The Wall - In Concert,COMPENSA koncertų salė,Vilnius,2026-04-22,20:00,https://www.bilietai.lt/eng/tickets/koncertai/dark-side-of-the-moon--the-wall-in-concert-467681/,https://store.bilietai.lt/public/?concert=467681&design=bilietai&lang=eng&center=1745,2026-01-26T05:00:11Z
FC Baseball | Finalas,Kauno Žalgirio arena,Kaunas,2026-04-23,20:00,https://www.bilietai.lt/eng/tickets/koncertai/fc-baseball--finalas-485004/,https://store.bilietai.lt/public/?concert=485004&design=bilietai&lang=eng&center=1745,2026-01-26T05:00:11Z
LVSO koncerte - pasaulinį pripažinimą pelnęs britų virtuozas LAWRENCE POWER,LVSO koncertų salė,Vilnius,2026-04-30,19:00,https://www.bilietai.lt/eng/tickets/koncertai/lvso-koncerte-klasikines-muzikos-zvaigzde-pasaulinis-arfos-virtuozas-xavier-de-maistre-479365/,https://store.bilietai.lt/public/?concert=479365&design=bilietai&lang=eng&center=1745,2026-01-26T05:00:11Z
Gravity x Deborah De Luca,Lietuvos parodų ir kongresų centras LITEXPO,Vilnius,2026-05-01,20:00,https://www.bilietai.lt/eng/tickets/koncertai/gravity-x-deborah-de-luca-490101/,https://store.bilietai.lt/public/?concert=490101&design=bilietai&lang=eng&center=1745,2026-01-26T05:00:11Z
The 69 Eyes,Menų fabrikas LOFTAS,Vilnius,2026-05-01,20:00,https://www.bilietai.lt/eng/tickets/koncertai/the-69-eyes-484312/,https://store.bilietai.lt/public/?concert=484312&design=bilietai&lang=eng&center=1745,2026-01-26T05:00:11Z
The Shoop Shoop Show - The Cher Collection | Palanga,Palangos koncertų salė,Palanga,2026-05-09,20:00,https://www.bilietai.lt/eng/tickets/koncertai/the-shoop-shoop-show-the-cher-collection--palanga-490579/,https://store.bilietai.lt/public/?concert=490579&design=bilietai&lang=eng&center=1745,2026-01-26T05:00:11Z
The Shoop Shoop Show - The Cher Collection | Vilnius,COMPENSA koncertų salė,Vilnius,2026-05-10,20:00,https://www.bilietai.lt/eng/tickets/koncertai/the-shoop-shoop-show-the-cher-collection--vilnius-490580/,https://store.bilietai.lt/public/?concert=490580&design=bilietai&lang=eng&center=1745,2026-01-26T05:00:11Z
LVSO SEZONO PABAIGOS KONCERTAS: L. VILKONČIUS. ROKO OPERA ''EGLĖ'',LVSO koncertų salė,Vilnius,2026-05-15,19:00,https://www.bilietai.lt/eng/tickets/koncertai/lvso-sezono-pabaigos-koncertas-l-vilkoncius-roko-opera-egle-489162/,https://store.bilietai.lt/public/?concert=489162&design=bilietai&lang=eng&center=1745,2026-01-26T05:00:11Z
The Phantom of the Opera,Twinsbet Arena,Vilnius,2026-05-19,19:00,https://www.bilietai.lt/eng/tickets/koncertai/the-phantom-of-the-opera-101987/,,2026-01-26T05:00:11Z
LVSO | ALEXANDER PALEY REČITALIS,LVSO koncertų salė,Vilnius,2026-05-29,19:00,https://www.bilietai.lt/eng/tickets/koncertai/lvso--alexander-paley-recitalis-489165/,https://store.bilietai.lt/public/?concert=489165&design=bilietai&lang=eng&center=1745,2026-01-26T05:00:11Z
Tori Amos - In Times of Dragons,COMPENSA koncertų salė,Vilnius,2026-05-30,20:00,https://www.bilietai.lt/eng/tickets/koncertai/tori-amos-in-times-of-dragons-482052/,https://store.bilietai.lt/public/?concert=482052&design=bilietai&lang=eng&center=1745,2026-01-26T05:00:11Z
Lewis Capaldi,Vilniaus Vingio parkas,Vilnius,2026-05-31,19:00,https://www.bilietai.lt/eng/tickets/koncertai/lewis-capaldi-491737/,https://store.bilietai.lt/public/?concert=491737&design=bilietai&lang=eng&center=1745,2026-01-26T05:00:11Z
LVSO | J. BRAHMS. ''VOKIŠKASIS REQUIEM'',LVSO koncertų salė,Vilnius,2026-06-12,19:00,https://www.bilietai.lt/eng/tickets/koncertai/lvso--j-brahms-vokiskasis-requiem-489167/,https://store.bilietai.lt/public/?concert=489167&design=bilietai&lang=eng&center=1745,2026-01-26T05:00:11Z
Oxxxymiron Tour 2026 | ''Nationality: 'No'',Lietuvos parodų ir kongresų centras LITEXPO,Vilnius,2026-06-12,20:00,https://www.bilietai.lt/eng/tickets/koncertai/oxxxymiron-tour-2026--nationality-no-492364/,https://store.bilietai.lt/public/?concert=492364&design=bilietai&lang=eng&center=1745,2026-01-26T05:00:11Z
JUODAS VILNIUS 2026,Kalnų parkas,Vilnius,2026-06-13,17:30,https://www.bilietai.lt/eng/tickets/koncertai/juodas-vilnius-2026-488567/,https://store.bilietai.lt/public/?concert=488567&design=bilietai&lang=eng&center=1745,2026-01-26T05:00:11Z
Kings of Leon (USA),Unibet Arena,Tallinn,2026-06-14,18:00,https://www.bilietai.lt/eng/tickets/koncertai/rokas-ir-pop/kings-of-leon-usa-488059/,https://store.bilietai.lt/public/?concert=488059&design=bilietai&lang=eng&center=1745,2026-01-26T05:00:11Z
Black Eyed Peas,Kauno Žalgirio arena,Kaunas,2026-06-18,20:00,https://www.bilietai.lt/eng/tickets/koncertai/black-eyed-peas-492136/,https://store.bilietai.lt/public/?concert=492136&design=bilietai&lang=eng&center=1745,2026-01-26T05:00:11Z
Men I Trust - Equus Euro Tour 2026,Lukiškių kalėjimas 2.0,Vilnius,2026-06-20,19:00,https://www.bilietai.lt/eng/tickets/koncertai/men-i-trust-equus-euro-tour-2026-487944/,https://store.bilietai.lt/public/?concert=487944&design=bilietai&lang=eng&center=1745,2026-01-26T05:00:11Z
Benjamin Clementine - European Tour 2026,Lukiškių kalėjimas 2.0,Vilnius,2026-06-23,19:00,https://www.bilietai.lt/eng/tickets/koncertai/benjamin-clementine-european-tour-2026-488538/,https://store.bilietai.lt/public/?concert=488538&design=bilietai&lang=eng&center=1745,2026-01-26T05:00:11Z
STING 3.0 TOUR,Kalnų parkas,Vilnius,2026-06-23,20:00,https://www.bilietai.lt/eng/tickets/koncertai/sting-30-tour-481578/,https://store.bilietai.lt/public/?concert=481578&design=bilietai&lang=eng&center=1745,2026-01-26T05:00:11Z
THOMAS ANDERS from Modern Talking,Palangos koncertų salė,Palanga,2026-06-26,20:00,https://www.bilietai.lt/eng/tickets/koncertai/thomas-anders-from-modern-talking-488787/,https://store.bilietai.lt/public/?concert=488787&design=bilietai&lang=eng&center=1745,2026-01-26T05:00:11Z
GIPSY KINGS,Palangos koncertų salė,Palanga,2026-07-02,20:00,https://www.bilietai.lt/eng/tickets/koncertai/gipsy-kings-486700/,https://store.bilietai.lt/public/?concert=486700&design=bilietai&lang=eng&center=1745,2026-01-26T05:00:11Z
Lenny Kravitz,Kauno Žalgirio arena,Kaunas,2026-07-18,20:00,https://www.bilietai.lt/eng/tickets/koncertai/lenny-kravitz-487403/,https://store.bilietai.lt/public/?concert=487403&design=bilietai&lang=eng&center=1745,2026-01-26T05:00:11Z
Jonathan Dassin,Palangos koncertų salė,Palanga,2026-07-31,20:00,https://www.bilietai.lt/eng/tickets/koncertai/jonathan-dassin-488767/,https://store.bilietai.lt/public/?concert=488767&design=bilietai&lang=eng&center=1745,2026-01-26T05:00:11Z
Pitbull - I'm Back,Dariaus ir Girėno stadionas,Kaunas,2026-07-31,20:00,https://www.bilietai.lt/eng/tickets/koncertai/pitbull-im-back-100987/,,2026-01-26T05:00:11Z
Sounds Good Vilnius | Moby,Kalnų parkas,Vilnius,2026-08-08,19:30,https://www.bilietai.lt/eng/tickets/koncertai/sounds-good-vilnius--moby-485565/,https://store.bilietai.lt/public/?concert=485565&design=bilietai&lang=eng&center=1745,2026-01-26T05:00:11Z
Tash Sultana - Return To The Roots Tour 2026,Lukiškių kalėjimas 2.0,Vilnius,2026-08-16,19:00,https://www.bilietai.lt/eng/tickets/koncertai/tash-sultana-return-to-the-roots-tour-2026-489366/,https://store.bilietai.lt/public/?concert=489366&design=bilietai&lang=eng&center=1745,2026-01-26T05:00:11Z
NICK CAVE & THE BAD SEEDS | KALNŲ PARKAS | VILNIUS,Kalnų parkas,Vilnius,2026-08-18,19:00,https://www.bilietai.lt/eng/tickets/koncertai/nick-cave--the-bad-seeds--kalnu-parkas--vilnius-481977/,https://store.bilietai.lt/public/?concert=481977&design=bilietai&lang=eng&center=1745,2026-01-26T05:00:11Z
OMD | Summer Of Hits,Lukiškių kalėjimas 2.0,Vilnius,2026-08-26,19:00,https://www.bilietai.lt/eng/tickets/koncertai/omd--summer-of-hits-490008/,https://store.bilietai.lt/public/?concert=490008&design=bilietai&lang=eng&center=1745,2026-01-26T05:00:11Z
Jessica Shy,Vilniaus Vingio parkas,Vilnius,2026-08-28,20:00,https://www.bilietai.lt/eng/tickets/koncertai/jessica-shy-100896/,,2026-01-26T05:00:11Z
"''EKSPRESIJOS ERA'' Finalinis koncertas | G. Gelgotas, P. Geniušas ir ansamblis NIKO",LVSO koncertų salė,Vilnius,2026-09-10,19:30,https://www.bilietai.lt/eng/tickets/koncertai/ekspresijos-era-finalinis-koncertas--g-gelgotas-p-geniusas-ir-ansamblis-niko-489055/,https://store.bilietai.lt/public/?concert=489055&design=bilietai&lang=eng&center=1745,2026-01-26T05:00:11Z
ASAP Rocky - Don't Be Dumb World Tour,Kauno Žalgirio arena,Kaunas,2026-09-25,19:30,https://www.bilietai.lt/eng/tickets/koncertai/aap-rocky-dont-be-dumb-world-tour-492304/,https://store.bilietai.lt/public/?concert=492304&design=bilietai&lang=eng&center=1745,2026-01-26T05:00:11Z
JACK SAVORETTI | Kablys | Vilnius,Kablys,Vilnius,2026-10-05,20:00,https://www.bilietai.lt/eng/tickets/koncertai/jack-savoretti--kablys--vilnius-492279/,https://store.bilietai.lt/public/?concert=492279&design=bilietai&lang=eng&center=1745,2026-01-26T05:00:15Z
Amon Amarth + Orbit Culture + Soilwork 2026,Unibet Arena,Tallinn,2026-10-27,18:30,https://www.bilietai.lt/eng/tickets/koncertai/amon-amarth-orbit-culture-soilwork-2026-487785/,https://store.bilietai.lt/public/?concert=487785&design=bilietai&lang=eng&center=1745,2026-01-26T05:00:15Z
KÄÄRIJÄ | EURODISKO-TOUR 2026,Menų fabrikas LOFTAS,Vilnius,2026-10-27,20:00,https://www.bilietai.lt/eng/tickets/koncertai/kaarija--eurodisko-tour-2026-488765/,https://store.bilietai.lt/public/?concert=488765&design=bilietai&lang=eng&center=1745,2026-01-26T05:00:15Z
Nino Katamadze and Band,LVSO koncertų salė,Vilnius,2026-11-18,19:00,https://www.bilietai.lt/eng/tickets/koncertai/nino-katamadze-and-band-492717/,https://store.bilietai.lt/public/?concert=492717&design=bilietai&lang=eng&center=1745,2026-01-26T05:00:15Z
GRAND DISCO SHOW 2026: Haddaway | Dr. Alban | Mr. President | Masters,Twinsbet Arena,Vilnius,2026-11-27,19:00,https://www.bilietai.lt/eng/tickets/koncertai/grand-disco-show-2026-haddaway--dr-alban--mr-president--masters-487495/,https://store.bilietai.lt/public/?concert=487495&design=bilietai&lang=eng&center=1745,2026-01-26T05:00:15Z
Future cello & Moosu X: ELEKTRONINĖ SIMFONIJA,COMPENSA koncertų salė,Vilnius,2026-11-28,19:00,https://www.bilietai.lt/eng/tickets/koncertai/future-cello--moosu-x-elektronine-simfonija-perkeltas-is-20251213-480244/,https://store.bilietai.lt/public/?concert=480244&design=bilietai&lang=eng&center=1745,2026-01-26T05:00:15Z
M1 muzikos apdovanojimai 2026,Kauno Žalgirio arena,Kaunas,2026-12-09,19:00,https://www.bilietai.lt/eng/tickets/koncertai/m1-muzikos-apdovanojimai-2026-488707/,https://store.bilietai.lt/public/?concert=488707&design=bilietai&lang=eng&center=1745,2026-01-26T05:00:15Z
SEL 50 | Kaunas 2026,Kauno Žalgirio arena,Kaunas,2026-12-12,20:00,https://www.bilietai.lt/eng/tickets/koncertai/sel-50--kaunas-2026-480549/,https://store.bilietai.lt/public/?concert=480549&design=bilietai&lang=eng&center=1745,2026-01-26T05:00:15Z
Lilas ir Innomine | Dariaus ir Girėno stadionas,Dariaus ir Girėno stadionas,Kaunas,2027-05-22,19:00,https://www.bilietai.lt/eng/tickets/koncertai/lilas-ir-innomine--dariaus-ir-gireno-stadionas-488944/,https://store.bilietai.lt/public/?concert=488944&design=bilietai&lang=eng&center=1745,2026-01-26T05:00:15Z
Comic Con Baltics 2026,Lietuvos parodų ir kongresų centras LITEXPO,Vilnius,2026-05-22,10:00,https://www.bilietai.lt/eng/tickets/festivaliai/comic-con-baltics-2026-98217/,,2026-01-26T05:00:15Z
Andrius Mamontovas: TIK HITAI | Panevėžys,Kalnapilio arena,Panevėžys,2026-03-20,20:00,https://www.bilietai.lt/eng/tickets/koncertai/andrius-mamontovas-tik-hitai--panevezys-486320/,https://store.bilietai.lt/public/?concert=486320&design=bilietai&lang=eng&center=1745,2026-01-26T05:00:25Z
Andrius Mamontovas: TIK HITAI | Klaipėda,Klaipėdos Švyturio arena,Klaipėda,2026-03-27,20:00,https://www.bilietai.lt/eng/tickets/koncertai/andrius-mamontovas-tik-hitai--klaipeda-486318/,https://store.bilietai.lt/public/?concert=486318&design=bilietai&lang=eng&center=1745,2026-01-26T05:00:25Z
ANDRIUS MAMONTOVAS | KALNŲ PARKAS,Kalnų parkas,Vilnius,2026-06-05,21:00,https://www.bilietai.lt/eng/tickets/koncertai/andrius-mamontovas--kalnu-parkas-488101/,https://store.bilietai.lt/public/?concert=488101&design=bilietai&lang=eng&center=1745,2026-01-26T05:00:25Z
Marialy Pacheco (Kuba) ir Joo Kraus (Vokietija)! | VILNIUS,Šokio teatras,Vilnius,2026-09-11,18:00,https://www.bilietai.lt/eng/tickets/koncertai/marialy-pacheco-kuba-ir-joo-kraus-vokietija--vilnius-485835/,https://store.bilietai.lt/public/?concert=485835&design=bilietai&lang=eng&center=1745,2026-01-26T05:00:27Z
Marialy Pacheco (Kuba) ir Joo Kraus (Vokietija)! | KAUNAS,Kauno valstybinė filharmonija,Kaunas,2026-09-12,18:00,https://www.bilietai.lt/eng/tickets/koncertai/marialy-pacheco-kuba-ir-joo-kraus-vokietija--kaunas-487406/,https://store.bilietai.lt/public/?concert=487406&design=bilietai&lang=eng&center=1745,2026-01-26T05:00:27Z
Legenda. Vytautas Kernagis. Istorijos ir dainos | Šiauliai,Koncertų salė Saulė,Šiauliai,2026-02-28,18:00,https://www.bilietai.lt/eng/tickets/koncertai/legenda-vytautas-kernagis-istorijos-ir-dainos--siauliai-490206/,https://store.bilietai.lt/public/?concert=490206&design=bilietai&lang=eng&center=1745,2026-01-26T05:00:30Z
Legenda. Vytautas Kernagis. Istorijos ir dainos | Papildomas | Vilnius,Šv. Kotrynos bažnyčia,Vilnius,2026-03-01,15:00,https://www.bilietai.lt/eng/tickets/koncertai/legenda-vytautas-kernagis-istorijos-ir-dainos--papildomas--vilnius-492448/,https://store.bilietai.lt/public/?concert=492448&design=bilietai&lang=eng&center=1745,2026-01-26T05:00:30Z
Legenda. Vytautas Kernagis. Istorijos ir dainos | Vilnius,Šv. Kotrynos bažnyčia,Vilnius,2026-03-01,18:00,https://www.bilietai.lt/eng/tickets/koncertai/legenda-vytautas-kernagis-istorijos-ir-dainos--vilnius-490205/,https://store.bilietai.lt/public/?concert=490205&design=bilietai&lang=eng&center=1745,2026-01-26T05:00:30Z
Legenda. Vytautas Kernagis. Istorijos ir dainos | Anykščiai,Anykščių kultūros centras,Anykščiai,2026-03-07,18:00,https://www.bilietai.lt/eng/tickets/koncertai/legenda-vytautas-kernagis-istorijos-ir-dainos--anyksciai-490200/,https://store.bilietai.lt/public/?concert=490200&design=bilietai&lang=eng&center=1745,2026-01-26T05:00:30Z
Legenda. Vytautas Kernagis. Istorijos ir dainos | Telšiai,Telšių kultūros centras,Telšiai,2026-03-08,17:00,https://www.bilietai.lt/eng/tickets/koncertai/legenda-vytautas-kernagis-istorijos-ir-dainos--telsiai-490207/,https://store.bilietai.lt/public/?concert=490207&design=bilietai&lang=eng&center=1745,2026-01-26T05:00:30Z
Legenda. Vytautas Kernagis. Istorijos ir dainos | Klaipėda,Klaipėdos koncertų salė,Klaipėda,2026-03-15,18:00,https://www.bilietai.lt/eng/tickets/koncertai/legenda-vytautas-kernagis-istorijos-ir-dainos--klaipeda-490204/,https://store.bilietai.lt/public/?concert=490204&design=bilietai&lang=eng&center=1745,2026-01-26T05:00:30Z
Legenda. Vytautas Kernagis. Istorijos ir dainos | Kaunas,Kauno kultūros centro Girstučio padalinys,Kaunas,2026-03-22,18:00,https://www.bilietai.lt/eng/tickets/koncertai/legenda-vytautas-kernagis-istorijos-ir-dainos--kaunas-490203/,https://store.bilietai.lt/public/?concert=490203&design=bilietai&lang=eng&center=1745,2026-01-26T05:00:30Z
ŽEMAITUKAI (Šiauliai),Šiaulių arena,Šiauliai,2026-02-13,19:00,https://www.bilietai.lt/eng/tickets/koncertai/zemaitukai-siauliai-460370/,https://store.bilietai.lt/public/?concert=460370&design=bilietai&lang=eng&center=1745,2026-01-26T05:00:32Z
ŽEMAITUKAI (Klaipėda),Klaipėdos Švyturio arena,Klaipėda,2026-02-21,19:00,https://www.bilietai.lt/eng/tickets/koncertai/zemaitukai-klaipeda-460368/,https://store.bilietai.lt/public/?concert=460368&design=bilietai&lang=eng&center=1745,2026-01-26T05:00:32Z
ŽEMAITUKAI (Panevėžys),Kalnapilio arena,Panevėžys,2026-02-27,19:00,https://www.bilietai.lt/eng/tickets/koncertai/zemaitukai-panevezys-460372/,https://store.bilietai.lt/public/?concert=460372&design=bilietai&lang=eng&center=1745,2026-01-26T05:00:32Z
Viktorija ir Vitražas | Vilnius,Twinsbet Arena,Vilnius,2026-02-28,19:00,https://www.bilietai.lt/eng/tickets/koncertai/viktorija-ir-vitrazas--vilnius-476936/,https://store.bilietai.lt/public/?concert=476936&design=bilietai&lang=eng&center=1745,2026-01-26T05:00:34Z
Viktorija ir Vitražas | Panevėžys,Kalnapilio arena,Panevėžys,2026-03-07,19:00,https://www.bilietai.lt/eng/tickets/koncertai/viktorija-ir-vitrazas--panevezys-477113/,https://store.bilietai.lt/public/?concert=477113&design=bilietai&lang=eng&center=1745,2026-01-26T05:00:34Z
Viktorija ir Vitražas | Klaipėda,Klaipėdos Švyturio arena,Klaipėda,2026-03-14,19:00,https://www.bilietai.lt/eng/tickets/koncertai/viktorija-ir-vitrazas--klaipeda-476996/,https://store.bilietai.lt/public/?concert=476996&design=bilietai&lang=eng&center=1745,2026-01-26T05:00:34Z
Viktorija ir Vitražas | Šiauliai,Šiaulių arena,Šiauliai,2026-03-20,19:00,https://www.bilietai.lt/eng/tickets/koncertai/viktorija-ir-vitrazas--siauliai-477100/,https://store.bilietai.lt/public/?concert=477100&design=bilietai&lang=eng&center=1745,2026-01-26T05:00:34Z
Viktorija ir Vitražas | Kaunas,Kauno Žalgirio arena,Kaunas,2026-03-26,20:00,https://www.bilietai.lt/eng/tickets/koncertai/viktorija-ir-vitrazas--kaunas-477025/,https://store.bilietai.lt/public/?concert=477025&design=bilietai&lang=eng&center=1745,2026-01-26T05:00:34Z
(Vilnius) World Hits Symphony | Universe Orchestra,COMPENSA koncertų salė,Vilnius,2026-03-01,19:00,https://www.bilietai.lt/eng/tickets/koncertai/vilnius-world-hits-symphony--universe-orchestra-489370/,https://store.bilietai.lt/public/?concert=489370&design=bilietai&lang=eng&center=1745,2026-01-26T05:00:36Z
(Klaipėda) World Hits Symphony | Universe Orchestra,Kultūros centras Žvejų rūmai,Klaipėda,2026-03-02,19:00,https://www.bilietai.lt/eng/tickets/koncertai/klaipeda-world-hits-symphony--universe-orchestra-489365/,https://store.bilietai.lt/public/?concert=489365&design=bilietai&lang=eng&center=1745,2026-01-26T05:00:36Z
(Kaunas) World Hits Symphony | Universe Orchestra,Kauno Žalgirio arena,Kaunas,2026-03-16,19:00,https://www.bilietai.lt/eng/tickets/koncertai/kaunas-world-hits-symphony--universe-orchestra-489371/,https://store.bilietai.lt/public/?concert=489371&design=bilietai&lang=eng&center=1745,2026-01-26T05:00:36Z
Nensi: Turo diena gimtadienio proga | KAUNAS,VDU didžioji salė,Kaunas,2026-03-16,19:00,https://www.bilietai.lt/eng/tickets/koncertai/nensi-turo-diena-gimtadienio-proga--kaunas-491594/,https://store.bilietai.lt/public/?concert=491594&design=bilietai&lang=eng&center=1745,2026-01-26T05:00:38Z
Nensi: Turo diena gimtadienio proga | VILNIUS,Twinsbet Arena,Vilnius,2026-03-18,19:00,https://www.bilietai.lt/eng/tickets/koncertai/nensi-turo-diena-gimtadienio-proga--vilnius-491585/,https://store.bilietai.lt/public/?concert=491585&design=bilietai&lang=eng&center=1745,2026-01-26T05:00:38Z
Nensi: Turo diena gimtadienio proga | KLAIPĖDA,Kultūros centras Žvejų rūmai,Klaipėda,2026-03-19,19:00,https://www.bilietai.lt/eng/tickets/koncertai/nensi-turo-diena-gimtadienio-proga--klaipeda-491593/,https://store.bilietai.lt/public/?concert=491593&design=bilietai&lang=eng&center=1745,2026-01-26T05:00:38Z
NIJOLĖ NARMONTAITĖ IR ARNAS ŠVILPAUSKAS ''MADINGA PORA'' | Kaunas,Kauno kultūros centro Girstučio padalinys,Kaunas,2026-03-26,18:00,https://www.bilietai.lt/eng/tickets/koncertai/nijole-narmontaite-ir-arnas-svilpauskas-madinga-pora--kaunas-492171/,https://store.bilietai.lt/public/?concert=492171&design=bilietai&lang=eng&center=1745,2026-01-26T05:00:41Z
NIJOLĖ NARMONTAITĖ IR ARNAS ŠVILPAUSKAS ''MADINGA PORA'' | Kaunas | PAPILDOMAS,Kauno kultūros centro Girstučio padalinys,Kaunas,2026-03-27,15:00,https://www.bilietai.lt/eng/tickets/koncertai/nijole-narmontaite-ir-arnas-svilpauskas-madinga-pora--kaunas--papildomas-490557/,https://store.bilietai.lt/public/?concert=490557&design=bilietai&lang=eng&center=1745,2026-01-26T05:00:41Z
NIJOLĖ NARMONTAITĖ IR ARNAS ŠVILPAUSKAS ''MADINGA PORA'' | Kaunas,Kauno kultūros centro Girstučio padalinys,Kaunas,2026-03-27,18:00,https://www.bilietai.lt/eng/tickets/koncertai/nijole-narmontaite-ir-arnas-svilpauskas-madinga-pora--kaunas-486113/,https://store.bilietai.lt/public/?concert=486113&design=bilietai&lang=eng&center=1745,2026-01-26T05:00:41Z
NIJOLĖ NARMONTAITĖ IR ARNAS ŠVILPAUSKAS ''MADINGA PORA'' | Ukmergė,Ukmergės kultūros centras,Ukmergė,2026-04-08,18:00,https://www.bilietai.lt/eng/tickets/koncertai/nijole-narmontaite-ir-arnas-svilpauskas-madinga-pora--ukmerge-486114/,https://store.bilietai.lt/public/?concert=486114&design=bilietai&lang=eng&center=1745,2026-01-26T05:00:41Z
NIJOLĖ NARMONTAITĖ IR ARNAS ŠVILPAUSKAS ''MADINGA PORA'' | Vilnius,SMALA,Vilnius,2026-04-10,19:00,https://www.bilietai.lt/eng/tickets/koncertai/nijole-narmontaite-ir-arnas-svilpauskas-madinga-pora--vilnius-486115/,https://store.bilietai.lt/public/?concert=486115&design=bilietai&lang=eng&center=1745,2026-01-26T05:00:41Z
NIJOLĖ NARMONTAITĖ IR ARNAS ŠVILPAUSKAS ''MADINGA PORA'' | Kazlų Rūda,Kazlų Rūdos kultūros centras,Kazlų Rūda,2026-04-15,18:00,https://www.bilietai.lt/eng/tickets/koncertai/nijole-narmontaite-ir-arnas-svilpauskas-madinga-pora--kazlu-ruda-486116/,https://store.bilietai.lt/public/?concert=486116&design=bilietai&lang=eng&center=1745,2026-01-26T05:00:41Z
NIJOLĖ NARMONTAITĖ IR ARNAS ŠVILPAUSKAS ''MADINGA PORA'' | Alytus,Alytaus kultūros centras,Alytus,2026-04-22,18:00,https://www.bilietai.lt/eng/tickets/koncertai/nijole-narmontaite-ir-arnas-svilpauskas-madinga-pora--alytus-486117/,https://store.bilietai.lt/public/?concert=486117&design=bilietai&lang=eng&center=1745,2026-01-26T05:00:41Z
NIJOLĖ NARMONTAITĖ IR ARNAS ŠVILPAUSKAS ''MADINGA PORA'' | Panevėžys,Kalnapilio arena,Panevėžys,2026-04-24,19:00,https://www.bilietai.lt/eng/tickets/koncertai/nijole-narmontaite-ir-arnas-svilpauskas-madinga-pora--panevezys-487599/,https://store.bilietai.lt/public/?concert=487599&design=bilietai&lang=eng&center=1745,2026-01-26T05:00:41Z
NIJOLĖ NARMONTAITĖ IR ARNAS ŠVILPAUSKAS ''MADINGA PORA'' | Palanga,Palangos koncertų salė,Palanga,2026-05-01,20:00,https://www.bilietai.lt/eng/tickets/koncertai/nijole-narmontaite-ir-arnas-svilpauskas-madinga-pora--palanga-486118/,https://store.bilietai.lt/public/?concert=486118&design=bilietai&lang=eng&center=1745,2026-01-26T05:00:41Z
"Paryžiaus Klasika: EDITH PIAF, DALIDA, JOE DASSIN, PIERRE BACHELET, ALAIN DELON | atlieka Violette Jehannot De Bartillat su gyvo garso grupe (Prancūzija, JAV, Lietuva) | Vilnius",Šv. Kotrynos bažnyčia,Vilnius,2026-03-07,17:00,https://www.bilietai.lt/eng/tickets/koncertai/paryziaus-klasika-edith-piaf-dalida-joe-dassin-pierre-bachelet-alain-delon--atlieka-violette-jehannot-de-bartillat-su-gyvo-garso-grupe-prancuzija-jav-lietuva--vilnius-486322/,https://store.bilietai.lt/public/?concert=486322&design=bilietai&lang=eng&center=1745,2026-01-26T05:00:43Z
"Paryžiaus Klasika: EDITH PIAF, DALIDA, JOE DASSIN, PIERRE BACHELET, ALAIN DELON | atlieka Violette Jehannot De Bartillat su gyvo garso grupe (Prancūzija, JAV, Lietuva) | Vilnius | PAPILDOMAS",Šv. Kotrynos bažnyčia,Vilnius,2026-03-07,19:30,https://www.bilietai.lt/eng/tickets/koncertai/paryziaus-klasika-edith-piaf-dalida-joe-dassin-pierre-bachelet-alain-delon--atlieka-violette-jehannot-de-bartillat-su-gyvo-garso-grupe-prancuzija-jav-lietuva--vilnius--papildomas-490516/,https://store.bilietai.lt/public/?concert=490516&design=bilietai&lang=eng&center=1745,2026-01-26T05:00:43Z
"Paryžiaus Klasika: EDITH PIAF, DALIDA, JOE DASSIN, PIERRE BACHELET, ALAIN DELON | atlieka Violette Jehannot De Bartillat su gyvo garso grupe (Prancūzija, JAV, Lietuva) | Kaunas",Kauno valstybinė filharmonija,Kaunas,2026-03-08,16:00,https://www.bilietai.lt/eng/tickets/koncertai/paryziaus-klasika-edith-piaf-dalida-joe-dassin-pierre-bachelet-alain-delon--atlieka-violette-jehannot-de-bartillat-su-gyvo-garso-grupe-prancuzija-jav-lietuva--kaunas-479906/,https://store.bilietai.lt/public/?concert=479906&design=bilietai&lang=eng&center=1745,2026-01-26T05:00:43Z
"Paryžiaus Klasika: EDITH PIAF, DALIDA, JOE DASSIN, PIERRE BACHELET, ALAIN DELON | atlieka Violette Jehannot De Bartillat su gyvo garso grupe (Prancūzija, JAV, Lietuva) | Kaunas | PAPILDOMAS",Kauno valstybinė filharmonija,Kaunas,2026-03-08,18:00,https://www.bilietai.lt/eng/tickets/koncertai/paryziaus-klasika-edith-piaf-dalida-joe-dassin-pierre-bachelet-alain-delon--atlieka-violette-jehannot-de-bartillat-su-gyvo-garso-grupe-prancuzija-jav-lietuva--kaunas--papildomas-490517/,https://store.bilietai.lt/public/?concert=490517&design=bilietai&lang=eng&center=1745,2026-01-26T05:00:43Z
Anime Sympho-Show by 38 Samurai | Vilnius,COMPENSA koncertų salė,Vilnius,2026-04-12,15:00,https://www.bilietai.lt/eng/tickets/koncertai/anime-sympho-show-by-38-samurai--vilnius-491326/,https://store.bilietai.lt/public/?concert=491326&design=bilietai&lang=eng&center=1745,2026-01-26T05:00:45Z
Ennio Morricone by Lords of the Sound | Vilnius,COMPENSA koncertų salė,Vilnius,2026-04-12,19:00,https://www.bilietai.lt/eng/tickets/koncertai/ennio-morricone-by-lords-of-the-sound--vilnius-491088/,https://store.bilietai.lt/public/?concert=491088&design=bilietai&lang=eng&center=1745,2026-01-26T05:00:45Z
Ennio Morricone by Lords of the Sound | Šiauliai,Koncertų salė Saulė,Šiauliai,2026-04-13,19:00,https://www.bilietai.lt/eng/tickets/koncertai/ennio-morricone-by-lords-of-the-sound--siauliai-490914/,https://store.bilietai.lt/public/?concert=490914&design=bilietai&lang=eng&center=1745,2026-01-26T05:00:45Z
Ennio Morricone by Lords of the Sound | Klaipėda,Klaipėdos Švyturio arena,Klaipėda,2026-04-15,19:00,https://www.bilietai.lt/eng/tickets/koncertai/ennio-morricone-by-lords-of-the-sound--klaipeda-491255/,https://store.bilietai.lt/public/?concert=491255&design=bilietai&lang=eng&center=1745,2026-01-26T05:00:45Z
Anime Sympho-Show by 38 Samurai | Kaunas,VDU didžioji salė,Kaunas,2026-04-19,15:00,https://www.bilietai.lt/eng/tickets/koncertai/anime-sympho-show-by-38-samurai--kaunas-490906/,https://store.bilietai.lt/public/?concert=490906&design=bilietai&lang=eng&center=1745,2026-01-26T05:00:45Z
Ennio Morricone by Lords of the Sound | Kaunas,VDU didžioji salė,Kaunas,2026-04-19,19:00,https://www.bilietai.lt/eng/tickets/koncertai/ennio-morricone-by-lords-of-the-sound--kaunas-490911/,https://store.bilietai.lt/public/?concert=490911&design=bilietai&lang=eng&center=1745,2026-01-26T05:00:45Z
Vienna Strauss Philharmonie Orchestra | Šiauliai,Koncertų salė Saulė,Šiauliai,2026-03-04,19:00,https://www.bilietai.lt/eng/tickets/koncertai/vienna-strauss-philharmonie-orchestra--siauliai-490259/,https://store.bilietai.lt/public/?concert=490259&design=bilietai&lang=eng&center=1745,2026-01-26T05:00:48Z
Vienna Strauss Philharmonie Orchestra | Kaunas,VDU didžioji salė,Kaunas,2026-03-14,19:00,https://www.bilietai.lt/eng/tickets/koncertai/vienna-strauss-philharmonie-orchestra--kaunas-490263/,https://store.bilietai.lt/public/?concert=490263&design=bilietai&lang=eng&center=1745,2026-01-26T05:00:48Z
Vienna Strauss Philharmonie Orchestra | Vilnius,Twinsbet Arena,Vilnius,2026-03-15,19:00,https://www.bilietai.lt/eng/tickets/koncertai/vienna-strauss-philharmonie-orchestra--vilnius-490264/,https://store.bilietai.lt/public/?concert=490264&design=bilietai&lang=eng&center=1745,2026-01-26T05:00:48Z
Rokas ir Laurynas | Albumo pristatymas ''Svajonės pildosi'' su gyvo garso grupe | Širvintos,Širvintų kultūros centras,Širvintos,2026-02-13,18:00,https://www.bilietai.lt/eng/tickets/koncertai/rokas-ir-laurynas--albumo-pristatymas-svajones-pildosi-su-gyvo-garso-grupe--sirvintos-490251/,https://store.bilietai.lt/public/?concert=490251&design=bilietai&lang=eng&center=1745,2026-01-26T05:00:50Z
Rokas ir Laurynas | Albumo pristatymas ''Svajonės pildosi'' su gyvo garso grupe | Jurbarkas,Jurbarko kultūros centras,Jurbarkas,2026-02-14,18:00,https://www.bilietai.lt/eng/tickets/koncertai/rokas-ir-laurynas--albumo-pristatymas-svajones-pildosi-su-gyvo-garso-grupe--jurbarkas-490249/,https://store.bilietai.lt/public/?concert=490249&design=bilietai&lang=eng&center=1745,2026-01-26T05:00:50Z
Rokas ir Laurynas | Albumo pristatymas ''Svajonės pildosi'' su gyvo garso grupe | Marijampolė,Marijampolės kultūros centras,Marijampolė,2026-02-25,18:00,https://www.bilietai.lt/eng/tickets/koncertai/rokas-ir-laurynas--albumo-pristatymas-svajones-pildosi-su-gyvo-garso-grupe--marijampole-490247/,https://store.bilietai.lt/public/?concert=490247&design=bilietai&lang=eng&center=1745,2026-01-26T05:00:50Z
Rokas ir Laurynas | Albumo pristatymas ''Svajonės pildosi'' su gyvo garso grupe | 03.06 Šiauliai,Šiaulių arena,Šiauliai,2026-03-06,19:00,https://www.bilietai.lt/eng/tickets/koncertai/rokas-ir-laurynas--albumo-pristatymas-svajones-pildosi-su-gyvo-garso-grupe--0306-siauliai-490019/,https://store.bilietai.lt/public/?concert=490019&design=bilietai&lang=eng&center=1745,2026-01-26T05:00:50Z
Rokas ir Laurynas | Albumo pristatymas ''Svajonės pildosi'' su gyvo garso grupe | Klaipėda,Kultūros centras Žvejų rūmai,Klaipėda,2026-03-20,19:00,https://www.bilietai.lt/eng/tickets/koncertai/rokas-ir-laurynas--albumo-pristatymas-svajones-pildosi-su-gyvo-garso-grupe--klaipeda-490248/,https://store.bilietai.lt/public/?concert=490248&design=bilietai&lang=eng&center=1745,2026-01-26T05:00:50Z
(Kaunas) Jazzu + 100,Kauno Žalgirio arena,Kaunas,2026-02-14,19:00,https://www.bilietai.lt/eng/tickets/koncertai/kaunas-jazzu-100-483559/,https://store.bilietai.lt/public/?concert=483559&design=bilietai&lang=eng&center=1745,2026-01-26T05:00:52Z
(Klaipėda) Jazzu + 100,Klaipėdos Švyturio arena,Klaipėda,2026-02-27,20:00,https://www.bilietai.lt/eng/tickets/koncertai/klaipeda-jazzu-100-483564/,https://store.bilietai.lt/public/?concert=483564&design=bilietai&lang=eng&center=1745,2026-01-26T05:00:52Z
(Vilnius) Jazzu + 100,Twinsbet Arena,Vilnius,2026-03-06,20:00,https://www.bilietai.lt/eng/tickets/koncertai/vilnius-jazzu-100-483566/,https://store.bilietai.lt/public/?concert=483566&design=bilietai&lang=eng&center=1745,2026-01-26T05:00:52Z
ELECTRO SYMPHONY Vol.2 | Kaunas,Kauno Žalgirio arena,Kaunas,2026-03-18,19:00,https://www.bilietai.lt/eng/tickets/koncertai/electro-symphony-vol2--kaunas-482092/,https://store.bilietai.lt/public/?concert=482092&design=bilietai&lang=eng&center=1745,2026-01-26T05:00:54Z
ELECTRO SYMPHONY Vol.2 | Vilnius,Twinsbet Arena,Vilnius,2026-03-19,19:00,https://www.bilietai.lt/eng/tickets/koncertai/electro-symphony-vol2--vilnius-482096/,https://store.bilietai.lt/public/?concert=482096&design=bilietai&lang=eng&center=1745,2026-01-26T05:00:54Z
Justinas Jarutis ''TIK AŠ IR TU'' | Kretinga,Kretingos kultūros centras,Kretinga,2026-02-27,19:00,https://www.bilietai.lt/eng/tickets/koncertai/justinas-jarutis-tik-as-ir-tu--kretinga-491225/,https://store.bilietai.lt/public/?concert=491225&design=bilietai&lang=eng&center=1745,2026-01-26T05:00:56Z
Justinas Jarutis ''TIK AŠ IR TU'' | Kaišiadorys,Kaišiadorių kultūros centras,Kaišiadorys,2026-03-05,19:00,https://www.bilietai.lt/eng/tickets/koncertai/justinas-jarutis-tik-as-ir-tu--kaisiadorys-489571/,https://store.bilietai.lt/public/?concert=489571&design=bilietai&lang=eng&center=1745,2026-01-26T05:00:56Z
Justinas Jarutis ''TIK AŠ IR TU'' | Molėtai,Molėtų kultūros centras,Molėtai,2026-03-06,19:00,https://www.bilietai.lt/eng/tickets/koncertai/justinas-jarutis-tik-as-ir-tu--moletai-489584/,https://store.bilietai.lt/public/?concert=489584&design=bilietai&lang=eng&center=1745,2026-01-26T05:00:56Z
Justinas Jarutis ''TIK AŠ IR TU'' | Šilutė,Šilutės kultūros centras,Šilutė,2026-03-07,19:00,https://www.bilietai.lt/eng/tickets/koncertai/justinas-jarutis-tik-as-ir-tu--silute-489604/,https://store.bilietai.lt/public/?concert=489604&design=bilietai&lang=eng&center=1745,2026-01-26T05:00:56Z
Justinas Jarutis ''TIK AŠ IR TU'' | Kaunas | SDG Amfiteatras,Kauno Žalgirio arena,Kaunas,2026-03-12,19:00,https://www.bilietai.lt/eng/tickets/koncertai/justinas-jarutis-tik-as-ir-tu--kaunas--sdg-amfiteatras-491234/,https://store.bilietai.lt/public/?concert=491234&design=bilietai&lang=eng&center=1745,2026-01-26T05:00:56Z
Justinas Jarutis ''TIK AŠ IR TU'' | Šakiai,Šakių kultūros centras,Šakiai,2026-03-13,19:00,https://www.bilietai.lt/eng/tickets/koncertai/justinas-jarutis-tik-as-ir-tu--sakiai-489588/,https://store.bilietai.lt/public/?concert=489588&design=bilietai&lang=eng&center=1745,2026-01-26T05:00:56Z
Justinas Jarutis ''TIK AŠ IR TU'' | Visaginas,"Visagino kultūros centras, ''Draugystė''",Visaginas,2026-03-14,19:00,https://www.bilietai.lt/eng/tickets/koncertai/justinas-jarutis-tik-as-ir-tu--visaginas-489591/,https://store.bilietai.lt/public/?concert=489591&design=bilietai&lang=eng&center=1745,2026-01-26T05:00:56Z
Justinas Jarutis ''TIK AŠ IR TU'' | Vilnius,K2 Comedy Club,Vilnius,2026-03-18,19:00,https://www.bilietai.lt/eng/tickets/koncertai/justinas-jarutis-tik-as-ir-tu--vilnius-491228/,https://store.bilietai.lt/public/?concert=491228&design=bilietai&lang=eng&center=1745,2026-01-26T05:00:56Z
Justinas Jarutis ''TIK AŠ IR TU'' | Vilkaviškis,Vilkaviškio kultūros centras,Vilkaviškis,2026-03-19,19:00,https://www.bilietai.lt/eng/tickets/koncertai/justinas-jarutis-tik-as-ir-tu--vilkaviskis-489597/,https://store.bilietai.lt/public/?concert=489597&design=bilietai&lang=eng&center=1745,2026-01-26T05:00:56Z
Justinas Jarutis ''TIK AŠ IR TU'' | Telšiai,Telšių kultūros centras,Telšiai,2026-03-20,19:00,https://www.bilietai.lt/eng/tickets/koncertai/justinas-jarutis-tik-as-ir-tu--telsiai-489598/,https://store.bilietai.lt/public/?concert=489598&design=bilietai&lang=eng&center=1745,2026-01-26T05:00:56Z
Gražiausių CELINE DION dainų koncertas | atlieka Alexandra Darby su gyvo garso grupe | Vilnius,Šv. Kotrynos bažnyčia,Vilnius,2026-02-14,17:00,https://www.bilietai.lt/eng/tickets/koncertai/graziausiu-celine-dion-dainu-koncertas--atlieka-alexandra-darby-su-gyvo-garso-grupe--vilnius-487007/,https://store.bilietai.lt/public/?concert=487007&design=bilietai&lang=eng&center=1745,2026-01-26T05:00:58Z
Gražiausių CELINE DION dainų koncertas | atlieka Alexandra Darby su gyvo garso grupe | PAPILDOMAS | Vilnius,Šv. Kotrynos bažnyčia,Vilnius,2026-02-14,20:00,https://www.bilietai.lt/eng/tickets/koncertai/graziausiu-celine-dion-dainu-koncertas--atlieka-alexandra-darby-su-gyvo-garso-grupe--papildomas--vilnius-492091/,https://store.bilietai.lt/public/?concert=492091&design=bilietai&lang=eng&center=1745,2026-01-26T05:00:58Z
Gražiausių CELINE DION dainų koncertas | atlieka Alexandra Darby su gyvo garso grupe | Kaunas,Kauno valstybinė filharmonija,Kaunas,2026-02-15,16:00,https://www.bilietai.lt/eng/tickets/koncertai/graziausiu-celine-dion-dainu-koncertas--atlieka-alexandra-darby-su-gyvo-garso-grupe--kaunas-487009/,https://store.bilietai.lt/public/?concert=487009&design=bilietai&lang=eng&center=1745,2026-01-26T05:00:58Z
Gražiausių CELINE DION dainų koncertas | atlieka Alexandra Darby su gyvo garso grupe | PAPILDOMAS | Kaunas,Kauno valstybinė filharmonija,Kaunas,2026-02-15,18:30,https://www.bilietai.lt/eng/tickets/koncertai/graziausiu-celine-dion-dainu-koncertas--atlieka-alexandra-darby-su-gyvo-garso-grupe--papildomas--kaunas-492776/,https://store.bilietai.lt/public/?concert=492776&design=bilietai&lang=eng&center=1745,2026-01-26T05:00:58Z
PREMJERA! Monospektaklis ''BĖGANTIS AŠTUONKOJIS'' | Kaunas,Kauno kultūros centro Girstučio padalinys,Kaunas,2026-02-06,18:00,https://www.bilietai.lt/eng/tickets/koncertai/premjera-monospektaklis-begantis-astuonkojis--kaunas-491979/,https://store.bilietai.lt/public/?concert=491979&design=bilietai&lang=eng&center=1745,2026-01-26T05:01:01Z
PREMJERA! Monospektaklis ''BĖGANTIS AŠTUONKOJIS'' | Panevėžys,Panevėžio kultūros centras,Panevėžys,2026-02-07,17:00,https://www.bilietai.lt/eng/tickets/koncertai/premjera-monospektaklis-begantis-astuonkojis--panevezys-491981/,https://store.bilietai.lt/public/?concert=491981&design=bilietai&lang=eng&center=1745,2026-01-26T05:01:01Z
PREMJERA! Monospektaklis ''BĖGANTIS AŠTUONKOJIS'' | Vilnius,SMALA,Vilnius,2026-02-08,18:00,https://www.bilietai.lt/eng/tickets/koncertai/premjera-monospektaklis-begantis-astuonkojis--vilnius-491983/,https://store.bilietai.lt/public/?concert=491983&design=bilietai&lang=eng&center=1745,2026-01-26T05:01:01Z
PREMJERA! Monospektaklis ''BĖGANTIS AŠTUONKOJIS'' | Kaunas,Kauno kultūros centro Girstučio padalinys,Kaunas,2026-02-14,18:00,https://www.bilietai.lt/eng/tickets/koncertai/premjera-monospektaklis-begantis-astuonkojis--kaunas-491985/,https://store.bilietai.lt/public/?concert=491985&design=bilietai&lang=eng&center=1745,2026-01-26T05:01:01Z
PREMJERA! Monospektaklis ''BĖGANTIS AŠTUONKOJIS'' | Klaipėda,Klaipėdos koncertų salė,Klaipėda,2026-02-17,18:00,https://www.bilietai.lt/eng/tickets/koncertai/premjera-monospektaklis-begantis-astuonkojis--klaipeda-491986/,https://store.bilietai.lt/public/?concert=491986&design=bilietai&lang=eng&center=1745,2026-01-26T05:01:01Z
PREMJERA! Monospektaklis ''BĖGANTIS AŠTUONKOJIS'' | Alytus,Alytaus kultūros centras,Alytus,2026-02-19,18:00,https://www.bilietai.lt/eng/tickets/koncertai/premjera-monospektaklis-begantis-astuonkojis--alytus-491988/,https://store.bilietai.lt/public/?concert=491988&design=bilietai&lang=eng&center=1745,2026-01-26T05:01:01Z
PREMJERA! Monospektaklis ''BĖGANTIS AŠTUONKOJIS'' | Telšiai,Telšių kultūros centras,Telšiai,2026-02-20,18:00,https://www.bilietai.lt/eng/tickets/koncertai/premjera-monospektaklis-begantis-astuonkojis--telsiai-491991/,https://store.bilietai.lt/public/?concert=491991&design=bilietai&lang=eng&center=1745,2026-01-26T05:01:01Z
PREMJERA! Monospektaklis ''BĖGANTIS AŠTUONKOJIS'' | Marijampolė,Marijampolės dramos teatras,Marijampolė,2026-02-21,18:00,https://www.bilietai.lt/eng/tickets/koncertai/premjera-monospektaklis-begantis-astuonkojis--marijampole-491990/,https://store.bilietai.lt/public/?concert=491990&design=bilietai&lang=eng&center=1745,2026-01-26T05:01:01Z
PREMJERA! Monospektaklis ''BĖGANTIS AŠTUONKOJIS'' | Kaunas,Kauno kultūros centro Girstučio padalinys,Kaunas,2026-02-27,18:00,https://www.bilietai.lt/eng/tickets/koncertai/premjera-monospektaklis-begantis-astuonkojis--kaunas-491992/,https://store.bilietai.lt/public/?concert=491992&design=bilietai&lang=eng&center=1745,2026-01-26T05:01:01Z
PREMJERA! Monospektaklis ''BĖGANTIS AŠTUONKOJIS'' | Ukmergė,Ukmergės kultūros centras,Ukmergė,2026-03-17,18:00,https://www.bilietai.lt/eng/tickets/koncertai/premjera-monospektaklis-begantis-astuonkojis--ukmerge-491993/,https://store.bilietai.lt/public/?concert=491993&design=bilietai&lang=eng&center=1745,2026-01-26T05:01:01Z
Brolių Tautkų RONDO | Kaunas,Kauno Žalgirio arena,Kaunas,2026-02-07,19:00,https://www.bilietai.lt/eng/tickets/koncertai/broliu-tautku-rondo--kaunas-483521/,https://store.bilietai.lt/public/?concert=483521&design=bilietai&lang=eng&center=1745,2026-01-26T05:01:03Z
Brolių Tautkų RONDO | Vilnius,Twinsbet Arena,Vilnius,2026-03-28,19:00,https://www.bilietai.lt/eng/tickets/koncertai/broliu-tautku-rondo--vilnius-483543/,https://store.bilietai.lt/public/?concert=483543&design=bilietai&lang=eng&center=1745,2026-01-26T05:01:03Z
(Klaipėda) The Grand Stars Orchestra «HOLLYWOOD MUSIC EXPERIENCE»,Kultūros centras Žvejų rūmai,Klaipėda,2026-02-13,19:00,https://www.bilietai.lt/eng/tickets/koncertai/klaipeda-the-grand-stars-orchestra-hollywood-music-experience-476193/,https://store.bilietai.lt/public/?concert=476193&design=bilietai&lang=eng&center=1745,2026-01-26T05:01:05Z
(Šiauliai) The Grand Stars Orchestra «HOLLYWOOD MUSIC EXPERIENCE»,Koncertų salė Saulė,Šiauliai,2026-02-14,19:00,https://www.bilietai.lt/eng/tickets/koncertai/siauliai-the-grand-stars-orchestra-hollywood-music-experience-476216/,https://store.bilietai.lt/public/?concert=476216&design=bilietai&lang=eng&center=1745,2026-01-26T05:01:05Z
(Kaunas) The Grand Stars Orchestra «HOLLYWOOD MUSIC EXPERIENCE»,VDU didžioji salė,Kaunas,2026-02-15,19:00,https://www.bilietai.lt/eng/tickets/koncertai/kaunas-the-grand-stars-orchestra-hollywood-music-experience-476220/,https://store.bilietai.lt/public/?concert=476220&design=bilietai&lang=eng&center=1745,2026-01-26T05:01:05Z
(Vilnius) The Grand Stars Orchestra «HOLLYWOOD MUSIC EXPERIENCE»,COMPENSA koncertų salė,Vilnius,2026-02-16,19:00,https://www.bilietai.lt/eng/tickets/koncertai/vilnius-the-grand-stars-orchestra-hollywood-music-experience-476238/,https://store.bilietai.lt/public/?concert=476238&design=bilietai&lang=eng&center=1745,2026-01-26T05:01:05Z
GIEDRĖ | Palanga,Palangos koncertų salė,Palanga,2026-03-07,19:00,https://www.bilietai.lt/eng/tickets/koncertai/giedre--palanga-484076/,https://store.bilietai.lt/public/?concert=484076&design=bilietai&lang=eng&center=1745,2026-01-26T05:01:07Z
GIEDRĖ | Vilnius,COMPENSA koncertų salė,Vilnius,2026-03-21,20:00,https://www.bilietai.lt/eng/tickets/koncertai/giedre--vilnius-484075/,https://store.bilietai.lt/public/?concert=484075&design=bilietai&lang=eng&center=1745,2026-01-26T05:01:07Z
2 METRAI: Deivis Norvilas ir Rafailas Karpis | Vilnius,COMPENSA koncertų salė,Vilnius,2026-03-08,18:00,https://www.bilietai.lt/eng/tickets/koncertai/2-metrai-deivis-norvilas-ir-rafailas-karpis--vilnius-491303/,https://store.bilietai.lt/public/?concert=491303&design=bilietai&lang=eng&center=1745,2026-01-26T05:01:09Z
2 METRAI: Deivis Norvilas ir Rafailas Karpis | Kaunas,VDU didžioji salė,Kaunas,2026-03-15,18:00,https://www.bilietai.lt/eng/tickets/koncertai/2-metrai-deivis-norvilas-ir-rafailas-karpis--kaunas-490149/,https://store.bilietai.lt/public/?concert=490149&design=bilietai&lang=eng&center=1745,2026-01-26T05:01:09Z
2 METRAI: Deivis Norvilas ir Rafailas Karpis | Šiauliai,Koncertų salė Saulė,Šiauliai,2026-03-29,17:00,https://www.bilietai.lt/eng/tickets/koncertai/2-metrai-deivis-norvilas-ir-rafailas-karpis--siauliai-490150/,https://store.bilietai.lt/public/?concert=490150&design=bilietai&lang=eng&center=1745,2026-01-26T05:01:09Z
The Music of Hans Zimmer and Others | Kaunas,VDU didžioji salė,Kaunas,2026-04-21,19:00,https://www.bilietai.lt/eng/tickets/koncertai/the-music-of-hans-zimmer-and-others--kaunas-489408/,https://store.bilietai.lt/public/?concert=489408&design=bilietai&lang=eng&center=1745,2026-01-26T05:01:12Z
The Music of Hans Zimmer and Others | Vilnius,COMPENSA koncertų salė,Vilnius,2026-04-22,15:00,https://www.bilietai.lt/eng/tickets/koncertai/the-music-of-hans-zimmer-and-others--vilnius-467894/,https://store.bilietai.lt/public/?concert=467894&design=bilietai&lang=eng&center=1745,2026-01-26T05:01:12Z
SANDRA | VILNIUS,Twinsbet Arena,Vilnius,2026-02-13,19:00,https://www.bilietai.lt/eng/tickets/koncertai/sandra--vilnius-464064/,https://store.bilietai.lt/public/?concert=464064&design=bilietai&lang=eng&center=1745,2026-01-26T05:01:14Z
SANDRA | KLAIPĖDA,Klaipėdos Švyturio arena,Klaipėda,2026-02-15,18:00,https://www.bilietai.lt/eng/tickets/koncertai/sandra--klaipeda-466581/,https://store.bilietai.lt/public/?concert=466581&design=bilietai&lang=eng&center=1745,2026-01-26T05:01:14Z
Džordana Butkutė. Man patinka Valentino diena,Twinsbet Arena,Vilnius,2026-02-14,20:00,https://www.bilietai.lt/eng/tickets/koncertai/dzordana-butkute-man-patinka-valentino-diena-468866/,https://store.bilietai.lt/public/?concert=468866&design=bilietai&lang=eng&center=1745,2026-01-26T05:01:16Z
Jovani & Friends | Klaipėda,Renginių kombinatas,Klaipėda,2026-02-14,21:30,https://www.bilietai.lt/eng/tickets/koncertai/jovani--friends--klaipeda-488635/,https://store.bilietai.lt/public/?concert=488635&design=bilietai&lang=eng&center=1745,2026-01-26T05:01:16Z
IMPROWOODAS | Klaipėda,Renginių kombinatas,Klaipėda,2026-03-14,20:00,https://www.bilietai.lt/eng/tickets/koncertai/improwoodas--klaipeda-491828/,https://store.bilietai.lt/public/?concert=491828&design=bilietai&lang=eng&center=1745,2026-01-26T05:01:16Z
Džordana Butkutė | Klaipėda,Renginių kombinatas,Klaipėda,2026-05-02,20:00,https://www.bilietai.lt/eng/tickets/koncertai/dzordana-butkute--klaipeda-484017/,https://store.bilietai.lt/public/?concert=484017&design=bilietai&lang=eng&center=1745,2026-01-26T05:01:16Z
DINAMIKA | Klaipėda,Klaipėdos Švyturio arena,Klaipėda,2026-03-06,20:00,https://www.bilietai.lt/eng/tickets/koncertai/dinamika--klaipeda-477613/,https://store.bilietai.lt/public/?concert=477613&design=bilietai&lang=eng&center=1745,2026-01-26T05:01:18Z
DINAMIKA | Šiauliai,Šiaulių arena,Šiauliai,2026-03-14,19:00,https://www.bilietai.lt/eng/tickets/koncertai/dinamika--siauliai-477696/,https://store.bilietai.lt/public/?concert=477696&design=bilietai&lang=eng&center=1745,2026-01-26T05:01:18Z
DINAMIKA | Vilnius,Twinsbet Arena,Vilnius,2026-03-20,20:00,https://www.bilietai.lt/eng/tickets/koncertai/dinamika--vilnius-477675/,https://store.bilietai.lt/public/?concert=477675&design=bilietai&lang=eng&center=1745,2026-01-26T05:01:18Z
DINAMIKA | Kaunas,Kauno Žalgirio arena,Kaunas,2026-03-27,20:00,https://www.bilietai.lt/eng/tickets/koncertai/dinamika--kaunas-477699/,https://store.bilietai.lt/public/?concert=477699&design=bilietai&lang=eng&center=1745,2026-01-26T05:01:18Z
Muzika iš kasečių | Kaunas,Kauno valstybinė filharmonija,Kaunas,2026-04-15,19:00,https://www.bilietai.lt/eng/tickets/koncertai/muzika-is-kaseciu--kaunas-490078/,https://store.bilietai.lt/public/?concert=490078&design=bilietai&lang=eng&center=1745,2026-01-26T05:01:20Z
Muzika iš kasečių | Vilnius,Šv. Kotrynos bažnyčia,Vilnius,2026-04-17,19:00,https://www.bilietai.lt/eng/tickets/koncertai/muzika-is-kaseciu--vilnius-490076/,https://store.bilietai.lt/public/?concert=490076&design=bilietai&lang=eng&center=1745,2026-01-26T05:01:20Z
